﻿<?xml version="1.0" encoding="utf-8"?>
<report order="0">
    <title>Collection Sheet</title>
    <description><![CDATA[]]></description>
    <param type="date" name="beginDate" label="From"/>
    <param type="date" name="endDate" label="To"/>
    <param type="query" name="disbursed_in" label="Disbursed in" hideIfRows="2"><![CDATA[
    SELECT 0, 'All currencies'
    UNION ALL
    SELECT id, name
    FROM dbo.Currencies
    ]]></param>
    <param type="query" name="display_in" label="Display in" hideIfRows="1"><![CDATA[
    SELECT id, name
    FROM dbo.Currencies
    ]]></param>
    <param type="query" name="branch_id" label="Branch" hideIfRows="2"><![CDATA[
    SELECT 0, 'All branches'
    UNION ALL
    SELECT DISTINCT id, name
    FROM dbo.Branches b
    INNER JOIN dbo.UsersBranches ub ON ub.branch_id = b.id
    WHERE ub.user_id = {USER_ID}
    ]]></param>
    <param name="subordinate_id" label="Subordinate" type="query" hideIfRows="2"><![CDATA[
    SELECT 0, 'All subordinates'

    UNION ALL

    SELECT id, first_name + ' ' + last_name
    FROM dbo.Users
    WHERE id = {USER_ID}

    UNION ALL

    SELECT id, first_name + ' ' + last_name
    FROM dbo.Users
    WHERE id IN
    (
        SELECT subordinate_id 
        FROM dbo.UsersSubordinates
        WHERE user_id = {USER_ID}
    )
    AND deleted = 0]]></param>

    <localized lang="ru-RU">
        <title>План погашений</title>
        <description><![CDATA[Список погашений по графику в заданном интервале времени с группировкой по дате.]]></description>
        <param type="date" name="beginDate" label="С"/>
        <param type="date" name="endDate" label="По"/>
        <param type="query" name="disbursed_in" label="Выдачи в" hideIfRows="2"><![CDATA[
        SELECT 0, N'Все валюты'
        UNION ALL
        SELECT id, name
        FROM dbo.Currencies
        ]]></param>
        <param type="query" name="display_in" label="Показывать в" hideIfRows="1"><![CDATA[
        SELECT id, name
        FROM dbo.Currencies
        ]]></param>
        <param type="query" name="branch_id" label="Филиал" hideIfRows="2"><![CDATA[
        SELECT 0, N'Все филиалы'
        UNION ALL
        SELECT DISTINCT id, name
        FROM dbo.Branches b
        INNER JOIN dbo.UsersBranches ub ON ub.branch_id = b.id
        WHERE ub.user_id = {USER_ID}
        ]]></param>
        <param name="subordinate_id" label="Подчиненный" type="query" hideIfRows="2"><![CDATA[
        SELECT 0, N'Все подчиненные'

        UNION ALL

        SELECT id, first_name + ' ' + last_name
        FROM dbo.Users
        WHERE id = {USER_ID}

        UNION ALL

        SELECT id, first_name + ' ' + last_name
        FROM dbo.Users
        WHERE id IN
        (
            SELECT subordinate_id 
            FROM dbo.UsersSubordinates
            WHERE user_id = {USER_ID}
        )
        AND deleted = 0]]></param>
    </localized>

 <localized lang="fr">
 <title>Fiche de collecte des prêts</title>
    <description><![CDATA[Fiche de collecte pour l'agent de crédit. Liste des prêts actifs à collecter par l'agent sur une période donnée, détail principal/intérêts/pénalités. ]]></description>
    <param type="date" name="beginDate" label="Du"/>
    <param type="date" name="endDate" label="au"/>
    <param type="query" name="disbursed_in" label="Déboursé en" hideIfRows="2"><![CDATA[
    SELECT 0, 'All currencies'
    UNION ALL
    SELECT id, name
    FROM dbo.Currencies
    ]]></param>
    <param type="query" name="display_in" label="Affiché en " hideIfRows="1"><![CDATA[
    SELECT id, name
    FROM dbo.Currencies
    ]]></param>
    <param type="query" name="branch_id" label="Branche" hideIfRows="2"><![CDATA[
    SELECT 0, 'All branches'
    UNION ALL
    SELECT DISTINCT id, name
    FROM dbo.Branches b
    INNER JOIN dbo.UsersBranches ub ON ub.branch_id = b.id
    WHERE ub.user_id = {USER_ID}
    ]]></param>
    <param name="subordinate_id" label="Subordonnés" type="query" hideIfRows="2"><![CDATA[
    SELECT 0, 'All subordinates'

    UNION ALL

    SELECT id, first_name + ' ' + last_name
    FROM dbo.Users
    WHERE id = {USER_ID}

    UNION ALL

    SELECT id, first_name + ' ' + last_name
    FROM dbo.Users
    WHERE id IN
    (
        SELECT subordinate_id 
        FROM dbo.UsersSubordinates
        WHERE user_id = {USER_ID}
    )
    AND deleted = 0]]></param>
 </localized>
 <localized lang="pt">
<title>folha de recolha</title>
    <description><![CDATA[folha de recolha]]></description>
    <param type="date" name="beginDate" label="de"/>
    <param type="date" name="endDate" label="Para"/>
    <param type="query" name="disbursed_in" label="desembolsados ​​em" hideIfRows="2"><![CDATA[
    SELECT 0, 'All currencies'
    UNION ALL
    SELECT id, name
    FROM dbo.Currencies
    ]]></param>
    <param type="query" name="display_in" label="Exibição em" hideIfRows="1"><![CDATA[
    SELECT id, name
    FROM dbo.Currencies
    ]]></param>
    <param type="query" name="branch_id" label="braço" hideIfRows="2"><![CDATA[
    SELECT 0, 'All branches'
    UNION ALL
    SELECT DISTINCT id, name
    FROM dbo.Branches b
    INNER JOIN dbo.UsersBranches ub ON ub.branch_id = b.id
    WHERE ub.user_id = {USER_ID}
    ]]></param>
    <param name="subordinate_id" label="subordinar" type="query" hideIfRows="2"><![CDATA[
    SELECT 0, 'All subordinates'

    UNION ALL

    SELECT id, first_name + ' ' + last_name
    FROM dbo.Users
    WHERE id = {USER_ID}

    UNION ALL

    SELECT id, first_name + ' ' + last_name
    FROM dbo.Users
    WHERE id IN
    (
        SELECT subordinate_id 
        FROM dbo.UsersSubordinates
        WHERE user_id = {USER_ID}
    )
    AND deleted = 0]]></param>
 </localized>

  	<tags>
      <tag>Main</tag>
		<tag><![CDATA[Loans]]></tag>
	</tags>
	
	<localized lang="ru-RU">
		<tags>
      <tag>Main</tag>
			<tag><![CDATA[Кредиты]]></tag>
		</tags>	
	</localized>
	
	<localized lang="fr">
		<tags>
      <tag>Main</tag>
			<tag><![CDATA[Crédit]]></tag>
		</tags>	
	</localized>

  <localized lang="es-ES">
    <tags>
      <tag>Main</tag>
      <tag><![CDATA[Crédito]]></tag>
    </tags>
  </localized>

  <localized lang="pt">
    <tags>
      <tag>Main</tag>
      <tag><![CDATA[Crédito]]></tag>
    </tags>
  </localized>

</report>
