﻿<?xml version='1.0' encoding='UTF-8'?>
<label>
  <MAIN_REPORT>
    <fn_deleted>If {Rep_Teller_Events.deleted} Then "Да" Else ""</fn_deleted>
    <fn_title>"Контрольный журнал"</fn_title>
    <fn_page_number>ToText(PageNumber, '#') + " из " + ToText(TotalPageCount, '#')</fn_page_number>
    <Text1>Тип</Text1>
    <Text2>Возникло</Text2>
    <Text3>Введено</Text3>
    <Text4>Пользователь</Text4>
    <Text5>Роль</Text5>
    <Text6>Комментарий</Text6>
    <Text7>Удалено</Text7>
  </MAIN_REPORT>
</label>