﻿<?xml version="1.0" encoding="utf-8"?>
<report order="1400">
    <title>Teller History</title>
    <description><![CDATA[Teller event report]]></description>
    <param name="from" label="From" type="date" default="today"/>
    <param name="to" label="To" type="date" default="today"/>
    <param name="user_id" type="query" label="User"><![CDATA[SELECT id, user_id FROM dbo.Users]]></param>
    <param name="teller_id" type="query" label="Teller"><![CDATA[SELECT id, teller_id FROM dbo.Tellers]]></param>
    <param name="branch_id" type="query" label="Branch"><![CDATA[SELECT id, branch_id FROM dbo.Branches]]></param>
    <param name="include_deleted" type="bool" label="Include deleted"/>

   <localized lang="pt">
     <title>Trilha de auditoria</title>
     <description><![CDATA[Relatуrio de auditoria]]></description>
      <param name="from" label="De" type="date" default="today"/>
      <param name="to" label="Para" type="date" default="today"/>
      <param name="user_id" type="query" label="User"><![CDATA[SELECT id, user_id FROM dbo.Users]]></param>
    <param name="teller_id" type="query" label="Teller"><![CDATA[SELECT id, teller_id FROM dbo.Tellers]]></param>
    <param name="branch_id" type="query" label="Branch"><![CDATA[SELECT id, branch_id FROM dbo.Branches]]></param>
    <param name="include_deleted" type="bool" label="Include deleted"/>

   </localized>

</report>
