<?xml version="1.0" encoding="utf-8"?>
<report order="12" attachmentPoint="VillageDetails" visibility="NonSolidaryGroup">    
    <title>Village Repayment schedule</title>
    <description><![CDATA[Repayment schedule.]]></description>
    <params>
        <param name="village_id" label="Village" type="query" hideIfRows="0"><![CDATA[SELECT id, name FROM dbo.Villages]]></param>
		<param name="disb_date" label="Disbursement date" type="date" additional="true"/>		
    </params>	
	
<localized lang="ru-RU">
    <title>Сельский график погашения</title>
    <description><![CDATA[Сельский график погашения.]]></description>
    <params>
        <param name="village_id" label="Группа" type="query" hideIfRows="0"><![CDATA[SELECT id, name FROM dbo.Villages]]></param>
		<param name="disb_date" label="Дата выплаты" type="date" additional="true"/>		
    </params>	
 </localized>

 <localized lang="pt">
    <title>Cronograma de pagamento do Grupo</title>
    <description><![CDATA[cronograma de reembolso.]]></description>
    <params>
        <param name="village_id" label="grupo" type="query" hideIfRows="0"><![CDATA[SELECT id, name FROM dbo.Villages]]></param>
		<param name="disb_date" label="data de desembolso" type="date" additional="true"/>		
    </params>	
 </localized>
</report>


